primary_kw,count,slugs
"amazon seller tax",2,"amazon-seller-tax-pakistan|blogs/amazon-seller-tax-pakistan"
"fbr registration new business",2,"fbr-registration-new-business-pakistan|blogs/fbr-registration-new-business-pakistan"
"freelancer tax",2,"freelancer-tax-pakistan|blogs/freelancer-tax-pakistan-2026"
"company registration",2,"blogs/company-registration-pakistan-2026|blogs/company-registration-pakistan"
"income tax return filing",2,"blogs/income-tax-return-filing-pakistan|blogs/online-income-tax-return-filing-pakistan-2026"
"ntn registration online",2,"blogs/ntn-registration-online-pakistan-2026|blogs/ntn-registration-online-pakistan"
"sales tax return filing",2,"blogs/sales-tax-return-filing-pakistan-2026|blogs/sales-tax-return-filing-pakistan"
"tax on bank profit",2,"blogs/tax-on-bank-profit-pakistan-2026|blogs/tax-on-bank-profit-pakistan"
"tax on foreign remittance",2,"blogs/tax-on-foreign-remittance-pakistan-2026|blogs/tax-on-foreign-remittance-pakistan"
