url,inbound_links_added
/income-tax-return-pakistan,730
/ntn-registration,18
/atl-pakistan-guide,11
/how-to-check-atl-status-pakistan,5
/filer-vs-nonfiler-pakistan,224
/freelancer-wealth-statement-guide,23
/how-to-respond-to-tax-notices-pakistan,397
/startup-registration-pakistan,5
/secp-vs-sole-proprietorship-pakistan,5
/export-services-tax-exemption-pakistan,18
/software-house-tax-pakistan,3
/fiverr-income-tax-pakistan,26
/youtube-monetization-tax-pakistan,4
/tiktok-creator-tax-pakistan,1
/shopify-seller-tax-pakistan,1
/digital-marketing-agency-tax-pakistan,0
/saas-company-tax-pakistan,2
/ai-business-tax-pakistan,0
/annual-company-filing-guide-pakistan,0
/tax-on-agricultural-income-pakistan,4
/tax-filing-doctors-pakistan,0
/tax-filing-lawyers-pakistan,0
/tax-filing-traders-pakistan,0
/tax-filing-exporters-pakistan,0
/income-tax-return-filing-lahore,430
/income-tax-filing,7
/gst-calculator,16
/influencer-tax-guide-pakistan,1
/creator-economy-tax-pakistan,0
