slug,old_wc,cluster,action
blogs/advance-income-tax-pakistan,458,general,DEEPENED+PILLAR_LINK
blogs/advance-tax-installments-pakistan,469,advance_tax,DEEPENED+PILLAR_LINK
blogs/advance-tax-section-147-pakistan,465,advance_tax,DEEPENED+PILLAR_LINK
blogs/amazon-seller-tax-pakistan,467,ecommerce,DEEPENED+PILLAR_LINK
blogs/azad-kashmir-tax-guide-2026,462,general,DEEPENED+PILLAR_LINK
blogs/balochistan-income-tax-guide-2026,465,general,DEEPENED+PILLAR_LINK
blogs/business-expense-deductible-pakistan,458,general,DEEPENED+PILLAR_LINK
blogs/business-income-tax-return-pakistan,467,filing,DEEPENED+PILLAR_LINK
blogs/charitable-donation-tax-pakistan,459,general,DEEPENED+PILLAR_LINK
blogs/contractor-tax-pakistan-2026,464,general,DEEPENED+PILLAR_LINK
blogs/corporate-income-tax-pakistan-2026,470,general,DEEPENED+PILLAR_LINK
blogs/cryptocurrency-tax-fbr-pakistan,462,fbr,DEEPENED+PILLAR_LINK
blogs/deemed-income-tax-property-pakistan,462,property,DEEPENED+PILLAR_LINK
blogs/depreciation-tax-pakistan,466,general,DEEPENED+PILLAR_LINK
blogs/education-expense-tax-credit-pakistan,468,general,DEEPENED+PILLAR_LINK
blogs/export-income-tax-pakistan-2026,463,general,DEEPENED+PILLAR_LINK
blogs/fbr-active-taxpayer-list-guide,468,fbr,DEEPENED+PILLAR_LINK
blogs/fbr-audit-procedure-pakistan-2026,470,fbr,DEEPENED+PILLAR_LINK
blogs/fbr-audit-selection-criteria,465,fbr,DEEPENED+PILLAR_LINK
blogs/fbr-iris-portal-guide-pakistan,471,fbr,DEEPENED+PILLAR_LINK
blogs/fbr-notice-section-122-pakistan,462,fbr,DEEPENED+PILLAR_LINK
blogs/fbr-notice-section-176-pakistan,461,fbr,DEEPENED+PILLAR_LINK
blogs/fbr-registration-step-by-step,466,fbr,DEEPENED+PILLAR_LINK
blogs/freelancer-ntn-filer-status-guide,465,freelancer,DEEPENED+PILLAR_LINK
blogs/gift-tax-pakistan-2026,469,general,DEEPENED+PILLAR_LINK
blogs/gilgit-baltistan-tax-guide-2026,454,general,DEEPENED+PILLAR_LINK
blogs/gratuity-tax-pakistan,456,general,DEEPENED+PILLAR_LINK
blogs/hospital-clinic-tax-pakistan,465,general,DEEPENED+PILLAR_LINK
blogs/house-rent-allowance-tax-pakistan,465,property,DEEPENED+PILLAR_LINK
blogs/how-to-file-nil-return-pakistan,469,filing,DEEPENED+PILLAR_LINK
blogs/income-tax-2025-budget-changes,465,general,DEEPENED+PILLAR_LINK
blogs/income-tax-exemptions-salaried-pakistan,463,salaried,DEEPENED+PILLAR_LINK
blogs/income-tax-filing-ahmedpur-east,460,filing,DEEPENED+PILLAR_LINK
blogs/income-tax-filing-arifwala,451,filing,DEEPENED+PILLAR_LINK
blogs/income-tax-filing-attock,451,filing,DEEPENED+PILLAR_LINK
blogs/income-tax-filing-badin,451,filing,DEEPENED+PILLAR_LINK
blogs/income-tax-filing-bannu,451,filing,DEEPENED+PILLAR_LINK
blogs/income-tax-filing-bhakkar,451,filing,DEEPENED+PILLAR_LINK
blogs/income-tax-filing-bhawalnagar,451,filing,DEEPENED+PILLAR_LINK
blogs/income-tax-filing-bhimber,451,filing,DEEPENED+PILLAR_LINK
blogs/income-tax-filing-burewala,451,filing,DEEPENED+PILLAR_LINK
blogs/income-tax-filing-chakwal,451,filing,DEEPENED+PILLAR_LINK
blogs/income-tax-filing-chaman,451,filing,DEEPENED+PILLAR_LINK
blogs/income-tax-filing-charsadda,451,filing,DEEPENED+PILLAR_LINK
blogs/income-tax-filing-chiniot,451,filing,DEEPENED+PILLAR_LINK
blogs/income-tax-filing-chishtian,451,filing,DEEPENED+PILLAR_LINK
blogs/income-tax-filing-chitral,451,filing,DEEPENED+PILLAR_LINK
blogs/income-tax-filing-dadu,451,filing,DEEPENED+PILLAR_LINK
blogs/income-tax-filing-daska,451,filing,DEEPENED+PILLAR_LINK
blogs/income-tax-filing-depalpur,451,filing,DEEPENED+PILLAR_LINK
blogs/income-tax-filing-dina,451,filing,DEEPENED+PILLAR_LINK
blogs/income-tax-filing-dinga,451,filing,DEEPENED+PILLAR_LINK
blogs/income-tax-filing-fort-abbas,460,filing,DEEPENED+PILLAR_LINK
blogs/income-tax-filing-ghotki,451,filing,DEEPENED+PILLAR_LINK
blogs/income-tax-filing-gilgit,450,filing,DEEPENED+PILLAR_LINK
blogs/income-tax-filing-gojra,451,filing,DEEPENED+PILLAR_LINK
blogs/income-tax-filing-gujrat,451,filing,DEEPENED+PILLAR_LINK
blogs/income-tax-filing-gwadar,451,filing,DEEPENED+PILLAR_LINK
blogs/income-tax-filing-hafizabad,451,filing,DEEPENED+PILLAR_LINK
blogs/income-tax-filing-hangu,451,filing,DEEPENED+PILLAR_LINK
blogs/income-tax-filing-haripur,451,filing,DEEPENED+PILLAR_LINK
blogs/income-tax-filing-haroonabad,451,filing,DEEPENED+PILLAR_LINK
blogs/income-tax-filing-haveli-lakha,460,filing,DEEPENED+PILLAR_LINK
blogs/income-tax-filing-hub,451,filing,DEEPENED+PILLAR_LINK
blogs/income-tax-filing-hunza,450,filing,DEEPENED+PILLAR_LINK
blogs/income-tax-filing-jacobabad,451,filing,DEEPENED+PILLAR_LINK
blogs/income-tax-filing-jaranwala,451,filing,DEEPENED+PILLAR_LINK
blogs/income-tax-filing-jhang,451,filing,DEEPENED+PILLAR_LINK
blogs/income-tax-filing-jhelum,451,filing,DEEPENED+PILLAR_LINK
blogs/income-tax-filing-kabirwala,451,filing,DEEPENED+PILLAR_LINK
blogs/income-tax-filing-kalat,451,filing,DEEPENED+PILLAR_LINK
blogs/income-tax-filing-kamalia,451,filing,DEEPENED+PILLAR_LINK
blogs/income-tax-filing-kamoke,451,filing,DEEPENED+PILLAR_LINK
blogs/income-tax-filing-karak,451,filing,DEEPENED+PILLAR_LINK
blogs/income-tax-filing-kasur,451,filing,DEEPENED+PILLAR_LINK
blogs/income-tax-filing-khairpur,451,filing,DEEPENED+PILLAR_LINK
blogs/income-tax-filing-khanewal,451,filing,DEEPENED+PILLAR_LINK
blogs/income-tax-filing-khanpur,451,filing,DEEPENED+PILLAR_LINK
blogs/income-tax-filing-kharian,451,filing,DEEPENED+PILLAR_LINK
blogs/income-tax-filing-khushab,451,filing,DEEPENED+PILLAR_LINK
blogs/income-tax-filing-khuzdar,451,filing,DEEPENED+PILLAR_LINK
blogs/income-tax-filing-kohat,451,filing,DEEPENED+PILLAR_LINK
blogs/income-tax-filing-kotli,451,filing,DEEPENED+PILLAR_LINK
blogs/income-tax-filing-lakki-marwat,460,filing,DEEPENED+PILLAR_LINK
blogs/income-tax-filing-lalamusa,451,filing,DEEPENED+PILLAR_LINK
blogs/income-tax-filing-lasbela,451,filing,DEEPENED+PILLAR_LINK
blogs/income-tax-filing-layyah,451,filing,DEEPENED+PILLAR_LINK
blogs/income-tax-filing-liaquatpur,451,filing,DEEPENED+PILLAR_LINK
blogs/income-tax-filing-lodhran,451,filing,DEEPENED+PILLAR_LINK
blogs/income-tax-filing-loralai,451,filing,DEEPENED+PILLAR_LINK
blogs/income-tax-filing-mailsi,451,filing,DEEPENED+PILLAR_LINK
blogs/income-tax-filing-malakwal,451,filing,DEEPENED+PILLAR_LINK
blogs/income-tax-filing-mandi-bahauddin,459,filing,DEEPENED+PILLAR_LINK
blogs/income-tax-filing-mansehra,451,filing,DEEPENED+PILLAR_LINK
blogs/income-tax-filing-mastung,451,filing,DEEPENED+PILLAR_LINK
blogs/income-tax-filing-matiari,451,filing,DEEPENED+PILLAR_LINK
blogs/income-tax-filing-mian-channu,460,filing,DEEPENED+PILLAR_LINK
blogs/income-tax-filing-mingora,451,filing,DEEPENED+PILLAR_LINK
blogs/income-tax-filing-mirpur,451,filing,DEEPENED+PILLAR_LINK
blogs/income-tax-filing-mirpurkhas,451,filing,DEEPENED+PILLAR_LINK
blogs/income-tax-filing-muzaffarabad,451,filing,DEEPENED+PILLAR_LINK
blogs/income-tax-filing-muzaffargarh,451,filing,DEEPENED+PILLAR_LINK
blogs/income-tax-filing-narowal,451,filing,DEEPENED+PILLAR_LINK
blogs/income-tax-filing-nawabshah,451,filing,DEEPENED+PILLAR_LINK
blogs/income-tax-filing-nowshera,451,filing,DEEPENED+PILLAR_LINK
blogs/income-tax-filing-okara,451,filing,DEEPENED+PILLAR_LINK
blogs/income-tax-filing-pakpattan,451,filing,DEEPENED+PILLAR_LINK
blogs/income-tax-filing-pasrur,451,filing,DEEPENED+PILLAR_LINK
blogs/income-tax-filing-phalia,451,filing,DEEPENED+PILLAR_LINK
blogs/income-tax-filing-pishin,451,filing,DEEPENED+PILLAR_LINK
blogs/income-tax-filing-rahim-yar-khan,469,filing,DEEPENED+PILLAR_LINK
blogs/income-tax-filing-rajanpur,451,filing,DEEPENED+PILLAR_LINK
blogs/income-tax-filing-rawalakot,451,filing,DEEPENED+PILLAR_LINK
blogs/income-tax-filing-renala-khurd,460,filing,DEEPENED+PILLAR_LINK
blogs/income-tax-filing-sadiqabad,451,filing,DEEPENED+PILLAR_LINK
blogs/income-tax-filing-sambrial,451,filing,DEEPENED+PILLAR_LINK
blogs/income-tax-filing-sammundri,451,filing,DEEPENED+PILLAR_LINK
blogs/income-tax-filing-sanghar,451,filing,DEEPENED+PILLAR_LINK
blogs/income-tax-filing-shakargarh,451,filing,DEEPENED+PILLAR_LINK
blogs/income-tax-filing-sheikhupura,451,filing,DEEPENED+PILLAR_LINK
blogs/income-tax-filing-shikarpur,451,filing,DEEPENED+PILLAR_LINK
blogs/income-tax-filing-sibi,451,filing,DEEPENED+PILLAR_LINK
blogs/income-tax-filing-skardu,450,filing,DEEPENED+PILLAR_LINK
blogs/income-tax-filing-swabi,451,filing,DEEPENED+PILLAR_LINK
blogs/income-tax-filing-talagang,451,filing,DEEPENED+PILLAR_LINK
blogs/income-tax-filing-tando-adam,460,filing,DEEPENED+PILLAR_LINK
blogs/income-tax-filing-tando-allahyar,460,filing,DEEPENED+PILLAR_LINK
blogs/income-tax-filing-thatta,451,filing,DEEPENED+PILLAR_LINK
blogs/income-tax-filing-timergara,451,filing,DEEPENED+PILLAR_LINK
blogs/income-tax-filing-toba-tek-singh,469,filing,DEEPENED+PILLAR_LINK
blogs/income-tax-filing-turbat,451,filing,DEEPENED+PILLAR_LINK
blogs/income-tax-filing-vehari,451,filing,DEEPENED+PILLAR_LINK
blogs/income-tax-filing-wah-cantt,460,filing,DEEPENED+PILLAR_LINK
blogs/income-tax-filing-wazirabad,451,filing,DEEPENED+PILLAR_LINK
blogs/income-tax-filing-zafarwal,451,filing,DEEPENED+PILLAR_LINK
blogs/income-tax-filing-zhob,451,filing,DEEPENED+PILLAR_LINK
blogs/income-tax-for-overseas-pakistan,469,general,DEEPENED+PILLAR_LINK
blogs/income-tax-on-property-sale-2026,468,property,DEEPENED+PILLAR_LINK
blogs/income-tax-return-late-filing-pakistan,472,filing,DEEPENED+PILLAR_LINK
blogs/income-tax-second-schedule-pakistan,465,general,DEEPENED+PILLAR_LINK
blogs/inheritance-wealth-declaration-pakistan,457,wealth,DEEPENED+PILLAR_LINK
blogs/kpk-income-tax-guide-2026,462,general,DEEPENED+PILLAR_LINK
blogs/medical-allowance-tax-exemption-pakistan,465,general,DEEPENED+PILLAR_LINK
blogs/mutual-fund-tax-pakistan-2026,467,general,DEEPENED+PILLAR_LINK
blogs/national-savings-tax-pakistan,466,general,DEEPENED+PILLAR_LINK
blogs/overseas-pakistani-tax-return,466,filing,DEEPENED+PILLAR_LINK
blogs/pakistan-tax-refund-claim-guide,467,general,DEEPENED+PILLAR_LINK
blogs/pension-death-gratuity-tax,461,general,DEEPENED+PILLAR_LINK
blogs/pension-fund-tax-pakistan,460,general,DEEPENED+PILLAR_LINK
blogs/pension-tax-pakistan-2026,457,general,DEEPENED+PILLAR_LINK
blogs/private-school-tax-pakistan,462,general,DEEPENED+PILLAR_LINK
blogs/prize-bond-tax-pakistan,465,general,DEEPENED+PILLAR_LINK
blogs/property-tax-islamabad-2026,467,property,DEEPENED+PILLAR_LINK
blogs/property-tax-karachi-2026,465,property,DEEPENED+PILLAR_LINK
blogs/property-tax-lahore-2026,468,property,DEEPENED+PILLAR_LINK
blogs/punjab-sales-tax-services-pakistan,466,gst,DEEPENED+PILLAR_LINK
blogs/real-estate-agent-tax-pakistan,470,property,DEEPENED+PILLAR_LINK
blogs/restaurant-tax-pakistan-2026,464,general,DEEPENED+PILLAR_LINK
blogs/roshan-digital-account-tax,468,general,DEEPENED+PILLAR_LINK
blogs/sales-tax-on-services-pakistan,459,gst,DEEPENED+PILLAR_LINK
blogs/secp-company-registration-guide,467,company,DEEPENED+PILLAR_LINK
blogs/sindh-income-tax-guide-2026,467,general,DEEPENED+PILLAR_LINK
blogs/small-company-tax-pakistan,471,company,DEEPENED+PILLAR_LINK
blogs/stock-broker-tax-pakistan,470,general,DEEPENED+PILLAR_LINK
blogs/tax-appeal-procedure-pakistan,468,general,DEEPENED+PILLAR_LINK
blogs/tax-clearance-certificate-pakistan,465,general,DEEPENED+PILLAR_LINK
blogs/tax-consultant-bhakkar-city-centre,454,location_consultant,DEEPENED+PILLAR_LINK
blogs/tax-consultant-chiniot-city-centre,454,location_consultant,DEEPENED+PILLAR_LINK
blogs/tax-consultant-daska-city-centre,454,location_consultant,DEEPENED+PILLAR_LINK
blogs/tax-consultant-fees-pakistan,463,location_consultant,DEEPENED+PILLAR_LINK
blogs/tax-consultant-gujranwala-satellite-town,452,location_consultant,DEEPENED+PILLAR_LINK
blogs/tax-consultant-jhang-city-centre,454,location_consultant,DEEPENED+PILLAR_LINK
blogs/tax-consultant-kamalia-city,456,location_consultant,DEEPENED+PILLAR_LINK
blogs/tax-consultant-kot-addu,453,location_consultant,DEEPENED+PILLAR_LINK
blogs/tax-consultant-layyah-city-centre,454,location_consultant,DEEPENED+PILLAR_LINK
blogs/tax-consultant-mian-channu-city,454,location_consultant,DEEPENED+PILLAR_LINK
blogs/tax-consultant-taunsa-sharif,463,location_consultant,DEEPENED+PILLAR_LINK
blogs/tax-for-commission-agents-pakistan,374,general,DEEPENED+PILLAR_LINK
blogs/tax-for-contractors-pakistan-2026,395,general,DEEPENED+PILLAR_LINK
blogs/tax-for-doctors-pakistan-2026,469,general,DEEPENED+PILLAR_LINK
blogs/tax-for-ecommerce-sellers-pakistan,464,ecommerce,DEEPENED+PILLAR_LINK
blogs/tax-for-engineers-pakistan-2026,465,general,DEEPENED+PILLAR_LINK
blogs/tax-for-farmers-agriculture-pakistan,416,general,DEEPENED+PILLAR_LINK
blogs/tax-for-freelancers-guide-pakistan,466,freelancer,DEEPENED+PILLAR_LINK
blogs/tax-for-housewives-homemakers-pakistan,427,property,DEEPENED+PILLAR_LINK
blogs/tax-for-it-professionals-pakistan,463,general,DEEPENED+PILLAR_LINK
blogs/tax-for-lawyers-pakistan-2026,468,general,DEEPENED+PILLAR_LINK
blogs/tax-for-smes-pakistan-2026,469,general,DEEPENED+PILLAR_LINK
blogs/tax-for-social-media-influencers-pakistan,460,general,DEEPENED+PILLAR_LINK
blogs/tax-for-startups-pakistan-2026,465,general,DEEPENED+PILLAR_LINK
blogs/tax-for-teachers-pakistan-2026,471,general,DEEPENED+PILLAR_LINK
blogs/tax-for-transporters-pakistan-2026,390,general,DEEPENED+PILLAR_LINK
blogs/tax-for-youtube-content-creators-pakistan-2026,406,general,DEEPENED+PILLAR_LINK
blogs/tax-for-youtubers-pakistan-2026,466,general,DEEPENED+PILLAR_LINK
blogs/tax-on-agriculture-income-pakistan,457,general,DEEPENED+PILLAR_LINK
blogs/tax-on-bonus-income-pakistan,468,general,DEEPENED+PILLAR_LINK
blogs/tax-on-car-purchase-pakistan,465,general,DEEPENED+PILLAR_LINK
blogs/tax-on-foreign-income-pakistan,459,general,DEEPENED+PILLAR_LINK
blogs/tax-on-foreign-remittance-pakistan-2026,391,general,DEEPENED+PILLAR_LINK
blogs/tax-on-foreign-remittances-pakistan-2026,456,general,DEEPENED+PILLAR_LINK
blogs/tax-on-gold-jewelry-pakistan,467,general,DEEPENED+PILLAR_LINK
blogs/tax-on-rental-income-pakistan-2026,463,property,DEEPENED+PILLAR_LINK
blogs/tax-on-shares-pakistan-2026,461,general,DEEPENED+PILLAR_LINK
blogs/tax-on-software-exports-pakistan,464,it_export,DEEPENED+PILLAR_LINK
blogs/tax-return-deadline-extension-2026,461,filing,DEEPENED+PILLAR_LINK
blogs/tax-return-for-freelancers-2026,468,filing,DEEPENED+PILLAR_LINK
blogs/turnover-tax-pakistan-2026,464,general,DEEPENED+PILLAR_LINK
blogs/wht-on-dividends-pakistan-2026,462,wht,DEEPENED+PILLAR_LINK
blogs/wht-rate-filer-non-filer-pakistan,453,wht,DEEPENED+PILLAR_LINK
blogs/withholding-agent-responsibilities-pakistan,459,wht,DEEPENED+PILLAR_LINK
blogs/withholding-tax-on-contracts-pakistan,456,wht,DEEPENED+PILLAR_LINK
blogs/withholding-tax-on-services-pakistan,464,wht,DEEPENED+PILLAR_LINK